{"cameraMode":{"drawMode":0,"name":"Shaded","section":"Shading Mode"},"sceneLighting":true,"audioPlay":false,"sceneViewState":{"showFog":true,"showMaterialUpdate":false,"showSkybox":true,"showFlares":true,"showImageEffects":true,"showParticleSystems":true},"in2DMode":false,"pivot":{"x":0.6819629669189453,"y":0.8871541023254395,"z":-0.03612327575683594},"rotation":{"x":-0.1924673467874527,"y":-0.4947149157524109,"z":0.11351871490478516,"w":-0.8400833010673523},"size":4.40189790725708,"orthographic":false}